0,1,371,31,115,239,fourwayc.avi
1,1,371,37,113,236,fourwayc.avi
2,1,372,39,112,232,fourwayc.avi
3,1,370,46,112,228,fourwayc.avi
4,1,369,51,111,224,fourwayc.avi
5,1,369,54,111,220,fourwayc.avi
6,1,368,58,109,216,fourwayc.avi
7,1,368,61,108,213,fourwayc.avi
8,1,366,64,106,211,fourwayc.avi
9,1,365,65,104,209,fourwayc.avi
10,1,365,65,101,207,fourwayc.avi
11,1,367,66,101,207,fourwayc.avi
12,1,365,66,99,206,fourwayc.avi
13,1,370,68,98,204,fourwayc.avi
14,1,368,68,96,203,fourwayc.avi
15,1,366,70,94,202,fourwayc.avi
16,1,365,69,92,200,fourwayc.avi
17,1,363,72,91,198,fourwayc.avi
18,1,361,74,89,195,fourwayc.avi
19,1,359,76,86,191,fourwayc.avi
20,1,358,77,84,188,fourwayc.avi
21,1,357,76,81,184,fourwayc.avi
22,1,358,76,79,179,fourwayc.avi
23,1,357,75,77,174,fourwayc.avi
24,1,356,77,74,169,fourwayc.avi
25,1,355,79,72,165,fourwayc.avi
26,1,355,80,71,163,fourwayc.avi
27,1,354,81,69,159,fourwayc.avi
28,1,352,83,69,155,fourwayc.avi
29,1,351,85,68,152,fourwayc.avi
30,1,350,88,67,150,fourwayc.avi
31,1,351,89,67,147,fourwayc.avi
32,1,350,90,66,144,fourwayc.avi
33,1,349,90,64,141,fourwayc.avi
34,1,349,90,62,137,fourwayc.avi
35,1,349,90,61,134,fourwayc.avi
36,1,349,91,58,131,fourwayc.avi
37,1,352,91,58,129,fourwayc.avi
38,1,349,93,56,128,fourwayc.avi
39,1,350,93,54,126,fourwayc.avi
40,1,350,95,52,124,fourwayc.avi
41,1,350,95,51,122,fourwayc.avi
42,1,351,96,49,120,fourwayc.avi
43,1,351,97,48,118,fourwayc.avi
44,1,351,98,47,115,fourwayc.avi
45,1,352,98,46,113,fourwayc.avi
46,1,353,98,45,110,fourwayc.avi
47,1,353,98,44,108,fourwayc.avi
48,1,352,96,43,106,fourwayc.avi
49,1,353,96,42,104,fourwayc.avi
50,1,352,98,42,103,fourwayc.avi
51,1,352,98,41,102,fourwayc.avi
52,1,352,97,41,101,fourwayc.avi
53,1,352,100,41,100,fourwayc.avi
54,1,352,101,40,98,fourwayc.avi
55,1,353,101,39,97,fourwayc.avi
56,1,353,102,39,96,fourwayc.avi
57,1,353,103,38,95,fourwayc.avi
58,1,353,102,37,93,fourwayc.avi
59,1,353,103,36,90,fourwayc.avi
60,1,355,102,35,89,fourwayc.avi
61,1,356,104,34,87,fourwayc.avi
62,1,356,103,34,87,fourwayc.avi
63,1,355,104,34,86,fourwayc.avi
64,1,356,105,33,85,fourwayc.avi
65,1,357,106,33,84,fourwayc.avi
66,1,356,105,32,83,fourwayc.avi
67,1,357,108,32,83,fourwayc.avi
68,1,357,107,31,82,fourwayc.avi
69,1,358,108,31,80,fourwayc.avi
70,1,358,107,30,79,fourwayc.avi
71,1,359,107,30,79,fourwayc.avi
72,1,359,107,29,77,fourwayc.avi
73,1,361,107,29,76,fourwayc.avi
74,1,360,107,29,76,fourwayc.avi
75,1,361,107,29,76,fourwayc.avi
76,1,361,107,29,76,fourwayc.avi
77,1,361,108,30,75,fourwayc.avi
78,1,361,109,30,74,fourwayc.avi
79,1,360,109,30,74,fourwayc.avi
80,1,361,110,30,73,fourwayc.avi
81,1,361,110,30,72,fourwayc.avi
82,1,361,109,30,72,fourwayc.avi
83,1,363,109,29,70,fourwayc.avi
84,1,363,109,29,69,fourwayc.avi
85,1,363,109,29,68,fourwayc.avi
86,1,364,110,29,68,fourwayc.avi
87,1,363,109,29,68,fourwayc.avi
88,1,365,111,28,67,fourwayc.avi
89,1,364,110,28,66,fourwayc.avi
90,1,366,112,28,65,fourwayc.avi
91,1,366,112,28,65,fourwayc.avi
92,1,366,113,27,64,fourwayc.avi
93,1,368,112,27,63,fourwayc.avi
94,1,368,112,27,62,fourwayc.avi
95,1,368,112,27,62,fourwayc.avi
96,1,368,112,26,62,fourwayc.avi
97,1,369,112,26,62,fourwayc.avi
98,1,370,111,26,61,fourwayc.avi
99,1,371,112,26,61,fourwayc.avi
100,1,371,112,25,61,fourwayc.avi
101,1,371,112,25,61,fourwayc.avi
102,1,371,112,25,60,fourwayc.avi
103,1,372,114,25,60,fourwayc.avi
104,1,372,113,25,60,fourwayc.avi
105,1,372,113,25,59,fourwayc.avi
106,1,373,114,24,59,fourwayc.avi
107,1,373,113,24,58,fourwayc.avi
108,1,374,112,24,57,fourwayc.avi
109,1,375,113,23,56,fourwayc.avi
110,1,375,113,23,56,fourwayc.avi
111,1,376,114,23,55,fourwayc.avi
112,1,375,114,23,55,fourwayc.avi
113,1,376,114,22,54,fourwayc.avi
114,1,376,114,22,54,fourwayc.avi
115,1,377,114,22,53,fourwayc.avi
116,1,378,115,22,53,fourwayc.avi
117,1,378,115,21,52,fourwayc.avi
118,1,379,116,21,52,fourwayc.avi
119,1,380,115,20,52,fourwayc.avi
120,1,380,116,20,52,fourwayc.avi
121,1,381,115,19,51,fourwayc.avi
122,1,381,116,19,51,fourwayc.avi
123,1,382,116,19,51,fourwayc.avi
124,1,382,116,19,51,fourwayc.avi
125,1,383,117,19,51,fourwayc.avi
126,1,383,117,19,51,fourwayc.avi
127,1,383,117,19,51,fourwayc.avi
128,1,383,117,19,51,fourwayc.avi
129,1,384,117,19,50,fourwayc.avi
130,1,384,115,19,50,fourwayc.avi
131,1,385,115,18,49,fourwayc.avi
132,1,386,115,18,49,fourwayc.avi
133,1,386,116,18,49,fourwayc.avi
134,1,386,116,18,49,fourwayc.avi
135,1,387,116,18,49,fourwayc.avi
136,1,387,116,18,49,fourwayc.avi
137,1,388,115,18,49,fourwayc.avi
138,1,389,116,17,49,fourwayc.avi
139,1,388,116,18,48,fourwayc.avi
140,1,389,117,18,48,fourwayc.avi
141,1,389,118,17,47,fourwayc.avi
142,1,389,118,18,47,fourwayc.avi
143,1,390,118,18,46,fourwayc.avi
144,1,391,118,18,46,fourwayc.avi
145,1,390,118,18,46,fourwayc.avi
146,1,391,118,18,46,fourwayc.avi
147,1,391,117,18,46,fourwayc.avi
148,1,391,117,18,46,fourwayc.avi
149,1,392,117,18,46,fourwayc.avi
150,1,392,118,18,46,fourwayc.avi
151,1,392,117,18,46,fourwayc.avi
152,1,393,116,18,45,fourwayc.avi
153,1,393,116,18,45,fourwayc.avi
154,1,394,116,17,45,fourwayc.avi
155,1,394,115,17,45,fourwayc.avi
156,1,395,116,17,45,fourwayc.avi
157,1,395,117,17,44,fourwayc.avi
158,1,395,116,17,44,fourwayc.avi
159,1,395,116,17,44,fourwayc.avi
160,1,396,116,17,44,fourwayc.avi
161,1,396,116,17,44,fourwayc.avi
162,1,396,116,17,44,fourwayc.avi
163,1,398,117,17,44,fourwayc.avi
164,1,398,117,17,44,fourwayc.avi
165,1,398,117,17,44,fourwayc.avi
166,1,399,116,17,44,fourwayc.avi
167,1,398,116,17,44,fourwayc.avi
168,1,399,116,17,44,fourwayc.avi
169,1,399,117,17,44,fourwayc.avi
170,1,399,117,17,44,fourwayc.avi
171,1,399,116,17,44,fourwayc.avi
172,1,399,115,17,44,fourwayc.avi
173,1,399,115,17,44,fourwayc.avi
174,1,400,114,17,44,fourwayc.avi
175,1,401,115,17,44,fourwayc.avi
176,1,401,114,17,44,fourwayc.avi
177,1,400,113,17,44,fourwayc.avi
178,1,401,113,17,44,fourwayc.avi
179,1,401,112,17,45,fourwayc.avi
180,1,401,114,17,44,fourwayc.avi
181,1,402,114,17,44,fourwayc.avi
182,1,402,115,17,44,fourwayc.avi
183,1,402,115,17,43,fourwayc.avi
184,1,402,115,17,43,fourwayc.avi
185,1,402,115,17,43,fourwayc.avi
186,1,402,116,17,42,fourwayc.avi
187,1,402,116,17,42,fourwayc.avi
188,1,403,117,17,41,fourwayc.avi
189,1,403,117,17,41,fourwayc.avi
190,1,403,118,17,40,fourwayc.avi
191,1,403,117,17,40,fourwayc.avi
192,1,403,116,17,40,fourwayc.avi
193,1,406,117,17,39,fourwayc.avi
194,1,405,117,17,40,fourwayc.avi
195,1,409,117,17,39,fourwayc.avi
196,1,409,118,17,38,fourwayc.avi
197,1,412,120,16,38,fourwayc.avi
198,1,413,122,16,37,fourwayc.avi
199,1,416,122,16,36,fourwayc.avi
200,1,416,122,16,36,fourwayc.avi
201,1,417,123,16,35,fourwayc.avi
202,1,421,123,16,34,fourwayc.avi
203,1,426,122,16,34,fourwayc.avi
204,1,427,122,16,34,fourwayc.avi
205,1,428,121,16,34,fourwayc.avi
206,1,429,122,17,35,fourwayc.avi
207,1,430,121,17,35,fourwayc.avi
208,1,432,122,17,35,fourwayc.avi
209,1,440,121,17,35,fourwayc.avi
210,1,441,121,17,36,fourwayc.avi
211,1,447,122,17,35,fourwayc.avi
212,1,449,122,17,35,fourwayc.avi
213,1,444,120,16,36,fourwayc.avi
214,1,442,121,16,36,fourwayc.avi
215,1,430,121,16,35,fourwayc.avi
216,1,427,121,16,35,fourwayc.avi
217,1,410,121,16,35,fourwayc.avi
218,1,410,121,16,34,fourwayc.avi
219,1,403,121,16,33,fourwayc.avi
220,1,403,122,16,33,fourwayc.avi
221,1,403,123,16,32,fourwayc.avi
222,1,391,121,16,32,fourwayc.avi
223,1,391,121,15,33,fourwayc.avi
224,1,391,121,15,33,fourwayc.avi
225,1,390,121,15,33,fourwayc.avi
226,1,390,120,15,33,fourwayc.avi
227,1,388,120,15,33,fourwayc.avi
228,1,386,120,14,32,fourwayc.avi
229,1,386,120,14,32,fourwayc.avi
230,1,386,121,14,32,fourwayc.avi
231,1,385,122,14,32,fourwayc.avi
232,1,385,123,14,31,fourwayc.avi
233,1,383,123,14,31,fourwayc.avi
234,1,384,124,14,31,fourwayc.avi
235,1,383,124,14,31,fourwayc.avi
236,1,382,124,14,31,fourwayc.avi
237,1,382,123,14,31,fourwayc.avi
238,1,380,124,14,31,fourwayc.avi
239,1,377,123,14,31,fourwayc.avi
240,1,377,123,14,31,fourwayc.avi
241,1,377,123,14,31,fourwayc.avi
242,1,375,124,14,30,fourwayc.avi
243,1,373,125,14,31,fourwayc.avi
244,1,372,124,14,30,fourwayc.avi
245,1,372,125,14,30,fourwayc.avi
246,1,370,124,14,30,fourwayc.avi
247,1,370,124,14,31,fourwayc.avi
248,1,367,121,14,30,fourwayc.avi
249,1,368,124,13,30,fourwayc.avi
250,1,368,124,13,30,fourwayc.avi
251,1,366,123,13,31,fourwayc.avi
252,1,366,123,12,31,fourwayc.avi
253,1,363,124,12,31,fourwayc.avi
254,1,362,123,12,31,fourwayc.avi
255,1,361,123,12,30,fourwayc.avi
256,1,361,123,12,30,fourwayc.avi
257,1,360,123,12,30,fourwayc.avi
258,1,357,123,12,29,fourwayc.avi
259,1,357,122,12,29,fourwayc.avi
260,1,356,123,12,29,fourwayc.avi
261,1,356,124,12,28,fourwayc.avi
262,1,356,123,11,28,fourwayc.avi
263,1,354,125,11,28,fourwayc.avi
264,1,354,125,11,28,fourwayc.avi
265,1,352,124,11,28,fourwayc.avi
266,1,352,124,11,27,fourwayc.avi
267,1,351,124,11,28,fourwayc.avi
268,1,350,124,11,28,fourwayc.avi
269,1,350,124,11,28,fourwayc.avi
270,1,348,124,11,28,fourwayc.avi
271,1,347,124,11,28,fourwayc.avi
272,1,347,125,11,27,fourwayc.avi
273,1,345,124,11,27,fourwayc.avi
274,1,345,125,11,27,fourwayc.avi
275,1,342,124,10,27,fourwayc.avi
276,1,342,124,10,26,fourwayc.avi
277,1,341,124,10,26,fourwayc.avi
278,1,341,125,10,26,fourwayc.avi
279,1,338,125,10,26,fourwayc.avi
280,1,338,125,10,26,fourwayc.avi
281,1,337,124,10,25,fourwayc.avi
282,1,337,125,10,25,fourwayc.avi
283,1,336,125,10,25,fourwayc.avi
284,1,336,124,10,25,fourwayc.avi
285,1,335,125,10,25,fourwayc.avi
286,1,335,124,10,25,fourwayc.avi
287,1,335,125,10,25,fourwayc.avi
288,1,331,125,10,24,fourwayc.avi
289,1,330,123,10,24,fourwayc.avi
290,1,330,124,10,24,fourwayc.avi
291,1,330,124,10,24,fourwayc.avi
292,1,329,125,10,24,fourwayc.avi
293,1,328,126,10,24,fourwayc.avi
294,1,327,126,10,23,fourwayc.avi
295,1,326,126,10,23,fourwayc.avi
296,1,326,125,10,23,fourwayc.avi
297,1,324,125,10,23,fourwayc.avi
298,1,324,126,10,23,fourwayc.avi
299,1,322,126,10,23,fourwayc.avi
300,1,322,126,10,23,fourwayc.avi
301,1,321,126,10,22,fourwayc.avi
302,1,321,126,10,22,fourwayc.avi
303,1,320,126,10,22,fourwayc.avi
304,1,318,125,10,22,fourwayc.avi
305,1,318,125,10,22,fourwayc.avi
306,1,317,125,10,22,fourwayc.avi
307,1,317,126,10,22,fourwayc.avi
308,1,315,125,10,22,fourwayc.avi
309,1,315,126,10,22,fourwayc.avi
310,1,315,126,10,22,fourwayc.avi
311,1,312,125,10,22,fourwayc.avi
312,1,313,125,10,22,fourwayc.avi
313,1,312,126,10,21,fourwayc.avi
314,1,312,126,10,21,fourwayc.avi
315,1,311,126,10,21,fourwayc.avi
316,1,311,126,10,21,fourwayc.avi
317,1,309,126,10,21,fourwayc.avi
318,1,309,126,10,21,fourwayc.avi
319,1,308,126,10,21,fourwayc.avi
320,1,308,126,10,21,fourwayc.avi
321,1,306,125,10,21,fourwayc.avi
322,1,306,125,10,21,fourwayc.avi
323,1,306,125,10,20,fourwayc.avi
324,1,305,125,10,20,fourwayc.avi
325,1,304,126,10,20,fourwayc.avi
326,1,304,126,10,20,fourwayc.avi
327,1,302,126,10,20,fourwayc.avi
328,1,302,127,10,20,fourwayc.avi
329,1,302,127,10,20,fourwayc.avi
330,1,301,127,10,20,fourwayc.avi
331,1,299,127,10,20,fourwayc.avi
332,1,297,127,10,19,fourwayc.avi
333,1,297,128,10,19,fourwayc.avi
334,1,296,128,10,19,fourwayc.avi
335,1,296,128,10,18,fourwayc.avi
336,1,295,128,10,18,fourwayc.avi
337,1,295,128,10,18,fourwayc.avi
338,1,295,129,10,18,fourwayc.avi
339,1,294,128,10,18,fourwayc.avi
340,1,294,129,10,17,fourwayc.avi
341,1,294,128,10,17,fourwayc.avi
342,1,292,128,10,17,fourwayc.avi
343,1,291,128,10,17,fourwayc.avi
344,1,291,129,10,17,fourwayc.avi
345,1,290,129,10,17,fourwayc.avi
346,1,289,128,10,17,fourwayc.avi
347,1,288,128,10,17,fourwayc.avi
348,1,287,128,10,17,fourwayc.avi
349,1,286,128,10,17,fourwayc.avi
350,1,286,128,10,17,fourwayc.avi
351,1,286,128,10,17,fourwayc.avi
352,1,286,127,10,16,fourwayc.avi
353,1,285,127,10,16,fourwayc.avi
354,1,285,127,10,16,fourwayc.avi
355,1,285,128,10,17,fourwayc.avi
356,1,284,128,10,17,fourwayc.avi
357,1,284,128,10,17,fourwayc.avi
358,1,282,128,10,17,fourwayc.avi
359,1,280,127,10,17,fourwayc.avi
360,1,279,127,10,18,fourwayc.avi
361,1,280,127,10,18,fourwayc.avi
362,1,279,126,10,18,fourwayc.avi
363,1,278,126,10,18,fourwayc.avi
364,1,277,126,10,18,fourwayc.avi
365,1,277,126,10,18,fourwayc.avi
366,1,276,126,10,19,fourwayc.avi
367,1,276,125,10,19,fourwayc.avi
368,1,273,125,10,19,fourwayc.avi
369,1,275,125,10,19,fourwayc.avi
370,1,272,126,10,19,fourwayc.avi
371,1,272,126,10,19,fourwayc.avi
372,1,272,126,10,19,fourwayc.avi
373,1,271,126,10,19,fourwayc.avi
374,1,271,125,10,19,fourwayc.avi
375,1,270,125,10,19,fourwayc.avi
376,1,270,125,10,19,fourwayc.avi
377,1,270,125,10,19,fourwayc.avi
378,1,269,126,10,19,fourwayc.avi
379,1,268,125,10,19,fourwayc.avi
380,1,267,125,10,19,fourwayc.avi
381,1,267,125,10,19,fourwayc.avi
382,1,266,125,10,19,fourwayc.avi
383,1,265,125,10,19,fourwayc.avi
384,1,264,126,10,19,fourwayc.avi
385,1,263,126,10,19,fourwayc.avi
386,1,263,127,10,18,fourwayc.avi
387,1,262,126,10,18,fourwayc.avi
388,1,262,126,10,18,fourwayc.avi
389,1,261,126,10,18,fourwayc.avi
390,1,261,126,10,19,fourwayc.avi
391,1,260,126,10,19,fourwayc.avi
392,1,260,126,10,19,fourwayc.avi
393,1,259,126,10,19,fourwayc.avi
394,1,259,126,10,19,fourwayc.avi
395,1,258,125,10,19,fourwayc.avi
396,1,258,126,10,19,fourwayc.avi
397,1,257,126,10,19,fourwayc.avi
398,1,257,126,10,19,fourwayc.avi
399,1,256,125,10,19,fourwayc.avi
400,1,256,125,10,19,fourwayc.avi
401,1,255,125,10,19,fourwayc.avi
402,1,254,125,10,19,fourwayc.avi
403,1,253,124,10,19,fourwayc.avi
404,1,252,124,10,19,fourwayc.avi
405,1,252,124,10,19,fourwayc.avi
406,1,251,124,10,19,fourwayc.avi
407,1,250,123,10,20,fourwayc.avi
408,1,250,123,10,20,fourwayc.avi
409,1,250,123,10,20,fourwayc.avi
410,1,249,123,10,21,fourwayc.avi
411,1,249,122,10,21,fourwayc.avi
412,1,248,122,10,21,fourwayc.avi
413,1,248,122,10,21,fourwayc.avi
414,1,248,122,10,21,fourwayc.avi
415,1,247,122,10,21,fourwayc.avi
416,1,247,122,10,21,fourwayc.avi
417,1,245,122,10,21,fourwayc.avi
418,1,245,123,10,21,fourwayc.avi
419,1,243,124,10,20,fourwayc.avi
420,1,242,125,10,20,fourwayc.avi
421,1,242,125,10,20,fourwayc.avi
422,1,241,125,10,20,fourwayc.avi
423,1,241,126,10,20,fourwayc.avi
424,1,240,125,10,20,fourwayc.avi
425,1,240,125,10,19,fourwayc.avi
426,1,240,125,10,19,fourwayc.avi
427,1,239,126,10,19,fourwayc.avi
428,1,239,126,10,19,fourwayc.avi
429,1,234,127,10,19,fourwayc.avi
430,1,234,127,10,19,fourwayc.avi
431,1,233,126,10,19,fourwayc.avi
432,1,231,127,10,18,fourwayc.avi
433,1,229,127,10,18,fourwayc.avi
434,1,228,128,10,18,fourwayc.avi
435,1,226,127,10,18,fourwayc.avi
436,1,225,128,10,18,fourwayc.avi
437,1,224,128,10,18,fourwayc.avi
438,1,223,128,10,18,fourwayc.avi
439,1,222,129,10,18,fourwayc.avi
440,1,220,127,10,17,fourwayc.avi
441,1,219,127,10,18,fourwayc.avi
442,1,218,126,10,18,fourwayc.avi
443,1,218,126,10,18,fourwayc.avi
444,1,216,127,10,18,fourwayc.avi
445,1,214,128,10,18,fourwayc.avi
446,1,212,126,10,18,fourwayc.avi
447,1,210,124,10,19,fourwayc.avi
448,1,210,123,10,19,fourwayc.avi
449,1,210,119,10,20,fourwayc.avi
450,1,210,119,10,20,fourwayc.avi
451,1,210,119,10,20,fourwayc.avi
452,1,210,119,10,20,fourwayc.avi
453,1,210,119,10,20,fourwayc.avi
454,1,210,119,10,20,fourwayc.avi
455,1,210,119,10,20,fourwayc.avi
456,1,210,119,10,20,fourwayc.avi
457,1,210,119,10,20,fourwayc.avi
458,1,209,119,10,20,fourwayc.avi
459,1,210,119,10,20,fourwayc.avi
460,1,210,118,10,20,fourwayc.avi
461,1,210,119,10,20,fourwayc.avi
462,1,210,118,10,20,fourwayc.avi
463,1,210,118,10,20,fourwayc.avi
464,1,210,118,10,20,fourwayc.avi
465,1,210,119,10,20,fourwayc.avi
466,1,210,119,10,20,fourwayc.avi
467,1,210,119,10,20,fourwayc.avi
468,1,210,119,10,20,fourwayc.avi
469,1,210,118,10,20,fourwayc.avi
470,1,210,119,10,20,fourwayc.avi
471,1,210,119,10,20,fourwayc.avi
472,1,210,119,10,20,fourwayc.avi
473,1,210,118,10,20,fourwayc.avi
474,1,210,118,10,20,fourwayc.avi
475,1,210,118,10,20,fourwayc.avi
476,1,210,118,10,20,fourwayc.avi
477,1,210,118,10,20,fourwayc.avi
478,1,210,118,10,20,fourwayc.avi
479,1,210,118,10,20,fourwayc.avi
480,1,210,118,10,20,fourwayc.avi
481,1,210,118,10,20,fourwayc.avi
482,1,210,118,10,20,fourwayc.avi
483,1,210,119,10,20,fourwayc.avi
484,1,210,118,10,20,fourwayc.avi
485,1,210,118,10,20,fourwayc.avi
486,1,210,119,10,20,fourwayc.avi
487,1,210,119,10,20,fourwayc.avi
488,1,210,118,10,20,fourwayc.avi
489,1,210,118,10,20,fourwayc.avi
490,1,210,118,10,20,fourwayc.avi
491,1,210,119,10,20,fourwayc.avi
492,1,210,119,10,20,fourwayc.avi
493,1,210,119,10,20,fourwayc.avi
494,1,210,118,10,20,fourwayc.avi
495,1,210,119,10,20,fourwayc.avi
496,1,210,118,10,20,fourwayc.avi
497,1,210,118,10,20,fourwayc.avi
498,1,210,118,10,20,fourwayc.avi
499,1,210,118,10,21,fourwayc.avi
500,1,209,118,10,21,fourwayc.avi
501,1,210,118,10,21,fourwayc.avi
502,1,210,119,10,21,fourwayc.avi
503,1,210,118,10,21,fourwayc.avi
504,1,210,118,10,21,fourwayc.avi
505,1,210,119,10,21,fourwayc.avi
506,1,210,119,10,21,fourwayc.avi
507,1,210,118,10,21,fourwayc.avi
508,1,210,118,10,21,fourwayc.avi
509,1,210,119,10,21,fourwayc.avi
510,1,210,118,10,21,fourwayc.avi
511,1,210,119,10,21,fourwayc.avi
512,1,210,119,10,21,fourwayc.avi
513,1,210,118,10,21,fourwayc.avi
514,1,210,118,10,21,fourwayc.avi
515,1,210,118,10,21,fourwayc.avi
516,1,210,118,10,21,fourwayc.avi
517,1,210,118,10,21,fourwayc.avi
518,1,210,118,10,21,fourwayc.avi
519,1,210,119,10,21,fourwayc.avi
520,1,210,118,10,21,fourwayc.avi
521,1,210,118,10,21,fourwayc.avi
522,1,210,118,10,21,fourwayc.avi
523,1,210,118,10,21,fourwayc.avi
524,1,210,118,10,21,fourwayc.avi
525,1,210,118,10,20,fourwayc.avi
526,1,210,119,10,20,fourwayc.avi
527,1,210,118,10,20,fourwayc.avi
528,1,210,118,10,20,fourwayc.avi
529,1,210,118,10,20,fourwayc.avi
530,1,210,118,10,20,fourwayc.avi
531,1,210,118,10,20,fourwayc.avi
532,1,210,118,10,20,fourwayc.avi
533,1,210,118,10,20,fourwayc.avi
534,1,210,118,10,21,fourwayc.avi
535,1,210,118,10,21,fourwayc.avi
536,1,210,118,10,21,fourwayc.avi
537,1,210,118,10,21,fourwayc.avi
538,1,209,119,10,21,fourwayc.avi
539,1,209,118,10,21,fourwayc.avi
540,1,209,119,10,21,fourwayc.avi
541,1,210,118,10,21,fourwayc.avi
542,1,209,119,10,21,fourwayc.avi
543,1,210,119,10,20,fourwayc.avi
544,1,210,118,10,21,fourwayc.avi
545,1,210,119,10,20,fourwayc.avi
546,1,210,118,10,21,fourwayc.avi
547,1,210,119,10,21,fourwayc.avi
548,1,210,118,10,21,fourwayc.avi
549,1,209,119,10,21,fourwayc.avi
550,1,210,118,10,21,fourwayc.avi
551,1,209,119,10,21,fourwayc.avi
552,1,210,119,10,21,fourwayc.avi
553,1,210,118,10,21,fourwayc.avi
554,1,210,119,10,21,fourwayc.avi
555,1,210,119,10,21,fourwayc.avi
556,1,209,118,10,21,fourwayc.avi
557,1,209,118,10,21,fourwayc.avi
558,1,209,118,10,21,fourwayc.avi
559,1,209,118,10,21,fourwayc.avi
560,1,210,118,10,21,fourwayc.avi
561,1,209,118,10,21,fourwayc.avi
562,1,210,118,10,21,fourwayc.avi
563,1,210,118,10,21,fourwayc.avi
564,1,210,118,10,21,fourwayc.avi
565,1,210,118,10,21,fourwayc.avi
566,1,210,118,10,21,fourwayc.avi
567,1,209,118,10,21,fourwayc.avi
568,1,209,118,10,21,fourwayc.avi
569,1,209,118,10,21,fourwayc.avi
570,1,209,118,11,21,fourwayc.avi
571,1,209,118,10,21,fourwayc.avi
572,1,209,118,10,21,fourwayc.avi
573,1,209,118,11,21,fourwayc.avi
574,1,209,118,11,21,fourwayc.avi
575,1,209,118,11,21,fourwayc.avi
576,1,210,118,10,21,fourwayc.avi
577,1,210,118,10,21,fourwayc.avi
578,1,210,118,10,21,fourwayc.avi
579,1,210,118,10,21,fourwayc.avi
580,1,210,118,10,21,fourwayc.avi
581,1,210,118,10,21,fourwayc.avi
582,1,210,118,10,21,fourwayc.avi
583,1,210,118,10,21,fourwayc.avi
584,1,209,118,10,21,fourwayc.avi
585,1,210,118,10,21,fourwayc.avi
586,1,210,118,10,21,fourwayc.avi
587,1,209,118,10,21,fourwayc.avi
588,1,209,117,10,21,fourwayc.avi
589,1,210,118,10,21,fourwayc.avi
590,1,210,118,10,21,fourwayc.avi
591,1,210,118,10,21,fourwayc.avi
592,1,210,118,10,21,fourwayc.avi
593,1,209,118,10,21,fourwayc.avi
594,1,209,118,10,21,fourwayc.avi
595,1,209,118,10,21,fourwayc.avi
596,1,210,118,10,21,fourwayc.avi
597,1,209,118,11,21,fourwayc.avi
598,1,210,118,11,21,fourwayc.avi
599,1,209,118,11,21,fourwayc.avi
600,1,210,118,10,21,fourwayc.avi
601,1,210,118,10,21,fourwayc.avi
602,1,210,118,10,21,fourwayc.avi
603,1,210,118,10,21,fourwayc.avi
604,1,210,119,10,21,fourwayc.avi
605,1,210,119,10,21,fourwayc.avi
606,1,210,119,10,21,fourwayc.avi
607,1,210,119,10,21,fourwayc.avi
608,1,210,119,10,21,fourwayc.avi
609,1,209,118,11,21,fourwayc.avi
610,1,210,118,11,21,fourwayc.avi
611,1,209,118,11,21,fourwayc.avi
612,1,210,118,11,21,fourwayc.avi
613,1,210,118,11,21,fourwayc.avi
614,1,210,118,10,21,fourwayc.avi
615,1,209,117,10,21,fourwayc.avi
616,1,209,115,10,21,fourwayc.avi
617,1,209,114,10,20,fourwayc.avi
618,1,210,107,10,20,fourwayc.avi
619,1,210,105,10,20,fourwayc.avi
620,1,210,105,10,20,fourwayc.avi
621,1,210,105,10,20,fourwayc.avi
622,1,210,105,10,20,fourwayc.avi
623,1,209,115,10,20,fourwayc.avi
624,1,209,118,10,20,fourwayc.avi
625,1,209,119,10,20,fourwayc.avi
626,1,210,119,10,20,fourwayc.avi
627,1,210,118,10,21,fourwayc.avi
628,1,209,118,10,21,fourwayc.avi
629,1,209,118,10,21,fourwayc.avi
630,1,210,118,10,21,fourwayc.avi
631,1,210,118,10,21,fourwayc.avi
632,1,210,117,10,21,fourwayc.avi
633,1,210,117,10,21,fourwayc.avi
634,1,209,117,10,22,fourwayc.avi
635,1,210,118,10,21,fourwayc.avi
636,1,210,118,10,21,fourwayc.avi
637,1,210,118,10,21,fourwayc.avi
638,1,210,119,10,21,fourwayc.avi
639,1,209,118,10,21,fourwayc.avi
640,1,210,118,10,21,fourwayc.avi
641,1,209,118,10,21,fourwayc.avi
642,1,210,118,10,21,fourwayc.avi
643,1,210,118,10,21,fourwayc.avi
644,1,209,118,10,21,fourwayc.avi
645,1,210,118,10,21,fourwayc.avi
646,1,210,118,10,21,fourwayc.avi
647,1,210,118,11,21,fourwayc.avi
648,1,209,119,10,21,fourwayc.avi
649,1,209,118,10,21,fourwayc.avi
650,1,209,118,10,21,fourwayc.avi
651,1,210,118,10,21,fourwayc.avi
652,1,210,118,10,21,fourwayc.avi
653,1,209,118,10,21,fourwayc.avi
654,1,209,118,10,21,fourwayc.avi
655,1,210,118,10,21,fourwayc.avi
656,1,209,118,10,21,fourwayc.avi
657,1,210,118,10,21,fourwayc.avi
658,1,209,118,10,21,fourwayc.avi
659,1,210,118,10,21,fourwayc.avi
660,1,209,118,10,21,fourwayc.avi
661,1,210,118,11,21,fourwayc.avi
662,1,209,118,11,21,fourwayc.avi
663,1,210,118,11,21,fourwayc.avi
664,1,208,118,11,21,fourwayc.avi
665,1,209,118,10,21,fourwayc.avi
666,1,209,118,10,21,fourwayc.avi
667,1,209,118,11,21,fourwayc.avi
668,1,209,118,11,21,fourwayc.avi
669,1,209,118,11,21,fourwayc.avi
670,1,209,118,11,21,fourwayc.avi
671,1,209,118,11,21,fourwayc.avi
672,1,210,118,11,21,fourwayc.avi
673,1,209,118,11,21,fourwayc.avi
674,1,210,118,10,21,fourwayc.avi
675,1,209,118,10,21,fourwayc.avi
676,1,209,118,10,21,fourwayc.avi
677,1,209,118,10,21,fourwayc.avi
678,1,209,118,10,21,fourwayc.avi
679,1,209,117,10,21,fourwayc.avi
680,1,209,118,10,21,fourwayc.avi
681,1,209,118,10,21,fourwayc.avi
682,1,210,118,10,21,fourwayc.avi
683,1,210,118,10,21,fourwayc.avi
684,1,210,118,10,21,fourwayc.avi
685,1,209,118,11,21,fourwayc.avi
686,1,209,118,11,21,fourwayc.avi
687,1,209,118,11,21,fourwayc.avi
688,1,210,118,10,21,fourwayc.avi
689,1,210,118,10,21,fourwayc.avi
690,1,210,118,10,21,fourwayc.avi
691,1,210,118,10,21,fourwayc.avi
692,1,210,118,10,21,fourwayc.avi
693,1,210,117,10,21,fourwayc.avi
694,1,210,118,10,21,fourwayc.avi
695,1,210,118,10,21,fourwayc.avi
696,1,210,118,11,21,fourwayc.avi
697,1,209,118,11,21,fourwayc.avi
698,1,209,118,11,21,fourwayc.avi
699,1,209,118,10,21,fourwayc.avi
700,1,209,118,10,21,fourwayc.avi
701,1,209,118,10,21,fourwayc.avi
702,1,210,118,10,21,fourwayc.avi
703,1,210,118,10,21,fourwayc.avi
704,1,209,118,10,21,fourwayc.avi
705,1,209,118,10,21,fourwayc.avi
706,1,209,118,10,21,fourwayc.avi
707,1,209,119,10,21,fourwayc.avi
708,1,210,118,10,21,fourwayc.avi
709,1,210,119,10,21,fourwayc.avi
710,1,209,118,10,21,fourwayc.avi
711,1,209,118,10,21,fourwayc.avi
712,1,209,118,10,21,fourwayc.avi
713,1,209,118,10,21,fourwayc.avi
714,1,209,118,10,21,fourwayc.avi
715,1,209,118,10,21,fourwayc.avi
716,1,209,118,10,21,fourwayc.avi
717,1,209,118,10,21,fourwayc.avi
718,1,209,118,10,21,fourwayc.avi
719,1,209,118,10,21,fourwayc.avi
720,1,210,118,10,21,fourwayc.avi
721,1,209,117,10,21,fourwayc.avi
722,1,210,118,10,21,fourwayc.avi
723,1,210,118,10,21,fourwayc.avi
724,1,210,118,10,21,fourwayc.avi
725,1,210,118,10,21,fourwayc.avi
726,1,210,118,10,21,fourwayc.avi
727,1,210,118,10,21,fourwayc.avi
728,1,210,119,10,21,fourwayc.avi
729,1,210,118,10,21,fourwayc.avi
730,1,210,118,10,21,fourwayc.avi
731,1,210,118,10,21,fourwayc.avi
732,1,210,119,10,21,fourwayc.avi
733,1,210,118,10,21,fourwayc.avi
734,1,210,118,10,21,fourwayc.avi
735,1,210,119,10,21,fourwayc.avi
736,1,210,118,10,21,fourwayc.avi
737,1,210,119,10,21,fourwayc.avi
738,1,210,119,10,21,fourwayc.avi
739,1,210,118,10,21,fourwayc.avi
740,1,210,118,10,21,fourwayc.avi
741,1,210,118,10,21,fourwayc.avi
742,1,209,118,10,21,fourwayc.avi
743,1,209,118,10,21,fourwayc.avi
744,1,209,118,10,21,fourwayc.avi
745,1,209,118,10,21,fourwayc.avi
746,1,209,118,10,21,fourwayc.avi
747,1,210,118,10,21,fourwayc.avi
748,1,209,118,10,21,fourwayc.avi
749,1,210,118,10,21,fourwayc.avi
750,1,210,118,10,21,fourwayc.avi
751,1,209,118,10,21,fourwayc.avi
752,1,209,118,10,21,fourwayc.avi
753,1,209,118,11,21,fourwayc.avi
754,1,209,118,10,21,fourwayc.avi
755,1,209,118,10,21,fourwayc.avi
756,1,209,118,10,21,fourwayc.avi
757,1,209,118,11,21,fourwayc.avi
758,1,209,118,10,21,fourwayc.avi
759,1,210,118,10,21,fourwayc.avi
760,1,209,118,10,21,fourwayc.avi
761,1,210,118,10,21,fourwayc.avi
762,1,209,118,10,21,fourwayc.avi
763,1,210,118,10,21,fourwayc.avi
764,1,209,118,10,21,fourwayc.avi
765,1,210,118,10,21,fourwayc.avi
766,1,210,117,10,21,fourwayc.avi
767,1,210,118,10,21,fourwayc.avi
768,1,210,118,10,21,fourwayc.avi
769,1,210,118,10,21,fourwayc.avi
770,1,209,118,11,21,fourwayc.avi
771,1,210,118,10,21,fourwayc.avi
772,1,210,118,11,21,fourwayc.avi
773,1,210,118,11,21,fourwayc.avi
774,1,210,118,11,21,fourwayc.avi
775,1,210,118,11,21,fourwayc.avi
776,1,209,118,11,21,fourwayc.avi
777,1,210,118,10,21,fourwayc.avi
778,1,210,118,11,21,fourwayc.avi
779,1,209,118,11,21,fourwayc.avi
780,1,209,118,10,21,fourwayc.avi
781,1,209,118,10,21,fourwayc.avi
782,1,209,118,10,21,fourwayc.avi
783,1,209,118,10,21,fourwayc.avi
784,1,209,118,10,21,fourwayc.avi
785,1,209,118,10,21,fourwayc.avi
786,1,209,118,10,21,fourwayc.avi
787,1,209,118,10,21,fourwayc.avi
788,1,209,118,10,21,fourwayc.avi
789,1,209,118,10,21,fourwayc.avi
790,1,210,118,10,21,fourwayc.avi
791,1,210,118,10,21,fourwayc.avi
792,1,210,118,10,21,fourwayc.avi
793,1,210,118,10,21,fourwayc.avi
794,1,209,118,10,21,fourwayc.avi
795,1,209,118,10,21,fourwayc.avi
796,1,209,117,10,21,fourwayc.avi
797,1,209,118,10,21,fourwayc.avi
798,1,209,117,10,21,fourwayc.avi
799,1,209,118,10,21,fourwayc.avi
800,1,209,117,10,21,fourwayc.avi
801,1,210,117,10,21,fourwayc.avi
802,1,210,118,10,21,fourwayc.avi
803,1,210,118,10,21,fourwayc.avi
804,1,210,118,10,21,fourwayc.avi
805,1,210,117,10,21,fourwayc.avi
806,1,209,118,10,21,fourwayc.avi
807,1,209,117,10,21,fourwayc.avi
808,1,209,118,10,21,fourwayc.avi
809,1,209,117,10,21,fourwayc.avi
810,1,209,118,10,21,fourwayc.avi
811,1,209,117,10,21,fourwayc.avi
812,1,209,118,10,21,fourwayc.avi
813,1,209,117,10,21,fourwayc.avi
814,1,210,117,10,21,fourwayc.avi
815,1,210,118,10,21,fourwayc.avi
816,1,210,118,10,21,fourwayc.avi
817,1,209,118,10,21,fourwayc.avi
818,1,210,118,10,21,fourwayc.avi
819,1,210,118,10,21,fourwayc.avi
820,1,208,118,10,21,fourwayc.avi
821,1,209,118,10,21,fourwayc.avi
822,1,209,118,10,21,fourwayc.avi
823,1,210,118,10,21,fourwayc.avi
824,1,210,118,10,21,fourwayc.avi
825,1,209,118,10,21,fourwayc.avi
826,1,209,118,10,21,fourwayc.avi
827,1,209,118,10,21,fourwayc.avi
828,1,209,118,11,21,fourwayc.avi
829,1,210,118,10,21,fourwayc.avi
830,1,210,118,11,21,fourwayc.avi
831,1,209,118,11,21,fourwayc.avi
832,1,210,118,10,21,fourwayc.avi
833,1,210,118,11,21,fourwayc.avi
834,1,209,118,11,21,fourwayc.avi
835,1,210,118,11,21,fourwayc.avi
836,1,209,118,11,21,fourwayc.avi
837,1,210,118,10,21,fourwayc.avi
838,1,209,118,10,21,fourwayc.avi
839,1,210,118,11,21,fourwayc.avi
840,1,209,118,10,21,fourwayc.avi
841,1,210,118,10,21,fourwayc.avi
842,1,210,118,10,21,fourwayc.avi
843,1,208,118,10,21,fourwayc.avi
844,1,209,118,10,21,fourwayc.avi
845,1,209,118,10,21,fourwayc.avi
846,1,209,118,10,21,fourwayc.avi
847,1,210,118,10,21,fourwayc.avi
848,1,210,118,10,21,fourwayc.avi
849,1,209,118,10,21,fourwayc.avi
850,1,210,118,10,21,fourwayc.avi
851,1,209,118,10,21,fourwayc.avi
852,1,210,118,10,21,fourwayc.avi
853,1,210,118,10,21,fourwayc.avi
854,1,209,118,10,21,fourwayc.avi
855,1,209,118,10,21,fourwayc.avi
856,1,210,118,10,21,fourwayc.avi
857,1,210,118,10,21,fourwayc.avi
858,1,209,118,10,21,fourwayc.avi
859,1,210,118,10,21,fourwayc.avi
860,1,210,118,11,21,fourwayc.avi
861,1,209,118,11,21,fourwayc.avi
862,1,210,118,11,21,fourwayc.avi
863,1,209,118,11,21,fourwayc.avi
864,1,210,118,11,21,fourwayc.avi
865,1,209,118,11,21,fourwayc.avi
866,1,210,118,11,21,fourwayc.avi
867,1,209,118,11,21,fourwayc.avi
868,1,210,118,10,21,fourwayc.avi
869,1,210,118,11,21,fourwayc.avi
870,1,210,118,11,21,fourwayc.avi
871,1,209,118,11,21,fourwayc.avi
872,1,210,118,10,21,fourwayc.avi
873,1,210,118,10,21,fourwayc.avi
874,1,209,118,10,21,fourwayc.avi
875,1,210,118,10,21,fourwayc.avi
876,1,209,118,10,21,fourwayc.avi
877,1,210,118,10,21,fourwayc.avi
878,1,210,118,10,21,fourwayc.avi
879,1,210,118,10,21,fourwayc.avi
880,1,210,118,10,21,fourwayc.avi
881,1,210,118,10,21,fourwayc.avi
882,1,210,118,10,21,fourwayc.avi
883,1,210,118,10,21,fourwayc.avi
884,1,210,117,10,21,fourwayc.avi
885,1,210,118,10,21,fourwayc.avi
886,1,210,118,11,21,fourwayc.avi
887,1,210,118,10,21,fourwayc.avi
888,1,210,118,10,21,fourwayc.avi
889,1,210,118,10,21,fourwayc.avi
890,1,210,118,10,21,fourwayc.avi
891,1,210,118,10,21,fourwayc.avi
892,1,210,118,10,21,fourwayc.avi
893,1,210,118,10,21,fourwayc.avi
894,1,210,118,10,21,fourwayc.avi
895,1,210,118,10,21,fourwayc.avi
896,1,210,118,10,21,fourwayc.avi
897,1,210,118,10,21,fourwayc.avi
898,1,210,117,10,21,fourwayc.avi
899,1,210,118,10,21,fourwayc.avi
900,1,208,118,10,21,fourwayc.avi
901,1,209,117,10,21,fourwayc.avi
902,1,209,118,10,21,fourwayc.avi
903,1,209,118,10,21,fourwayc.avi
904,1,209,118,10,21,fourwayc.avi
905,1,210,118,10,21,fourwayc.avi
906,1,209,119,10,21,fourwayc.avi
907,1,210,118,11,21,fourwayc.avi
908,1,210,119,11,21,fourwayc.avi
909,1,208,118,10,21,fourwayc.avi
910,1,209,119,10,21,fourwayc.avi
911,1,209,118,10,21,fourwayc.avi
912,1,209,118,11,21,fourwayc.avi
913,1,209,118,11,21,fourwayc.avi
914,1,209,118,11,21,fourwayc.avi
915,1,209,118,11,21,fourwayc.avi
916,1,209,118,11,21,fourwayc.avi
917,1,209,118,11,21,fourwayc.avi
918,1,209,118,11,21,fourwayc.avi
919,1,209,118,11,21,fourwayc.avi
920,1,209,118,11,21,fourwayc.avi
921,1,210,118,10,21,fourwayc.avi
922,1,209,118,11,21,fourwayc.avi
923,1,210,118,11,21,fourwayc.avi
924,1,210,118,11,21,fourwayc.avi
925,1,209,118,11,21,fourwayc.avi
926,1,210,118,11,21,fourwayc.avi
927,1,210,118,11,21,fourwayc.avi
928,1,210,118,10,21,fourwayc.avi
929,1,210,118,11,21,fourwayc.avi
930,1,210,118,11,21,fourwayc.avi
931,1,210,118,11,21,fourwayc.avi
932,1,210,118,11,21,fourwayc.avi
933,1,210,118,11,21,fourwayc.avi
934,1,209,118,11,21,fourwayc.avi
935,1,209,118,11,21,fourwayc.avi
936,1,209,118,11,21,fourwayc.avi
937,1,209,118,11,21,fourwayc.avi
938,1,209,118,11,21,fourwayc.avi
939,1,210,118,10,21,fourwayc.avi
940,1,209,118,10,21,fourwayc.avi
941,1,209,118,11,21,fourwayc.avi
942,1,210,118,11,21,fourwayc.avi
943,1,209,118,10,21,fourwayc.avi
944,1,209,117,10,21,fourwayc.avi
945,1,210,117,10,21,fourwayc.avi
946,1,209,117,10,21,fourwayc.avi
947,1,209,118,10,21,fourwayc.avi
948,1,209,118,10,21,fourwayc.avi
949,1,210,118,10,21,fourwayc.avi
950,1,210,118,10,21,fourwayc.avi
951,1,210,118,10,21,fourwayc.avi
952,1,210,117,10,21,fourwayc.avi
953,1,210,118,11,21,fourwayc.avi
954,1,210,118,10,21,fourwayc.avi
955,1,210,118,11,21,fourwayc.avi
956,1,210,118,11,21,fourwayc.avi
957,1,209,118,11,21,fourwayc.avi
958,1,210,117,11,21,fourwayc.avi
959,1,210,118,10,21,fourwayc.avi
960,1,210,118,10,21,fourwayc.avi
961,1,210,118,10,21,fourwayc.avi
962,1,210,118,10,21,fourwayc.avi
963,1,210,118,10,21,fourwayc.avi
964,1,209,118,10,21,fourwayc.avi
965,1,209,118,10,21,fourwayc.avi
966,1,209,118,10,21,fourwayc.avi
967,1,209,117,10,21,fourwayc.avi
968,1,209,118,10,21,fourwayc.avi
969,1,209,118,10,21,fourwayc.avi
970,1,209,118,10,21,fourwayc.avi
971,1,209,118,10,21,fourwayc.avi
972,1,209,118,10,21,fourwayc.avi
973,1,209,118,10,21,fourwayc.avi
974,1,209,118,10,21,fourwayc.avi
975,1,209,118,10,21,fourwayc.avi
976,1,210,118,10,21,fourwayc.avi
977,1,210,118,10,21,fourwayc.avi
978,1,210,118,10,21,fourwayc.avi
979,1,209,118,11,21,fourwayc.avi
980,1,210,118,10,21,fourwayc.avi
981,1,210,118,10,21,fourwayc.avi
982,1,210,118,10,21,fourwayc.avi
983,1,210,118,10,21,fourwayc.avi
984,1,210,118,10,21,fourwayc.avi
985,1,210,118,10,21,fourwayc.avi
986,1,210,118,10,21,fourwayc.avi
987,1,210,118,10,21,fourwayc.avi
988,1,210,118,10,21,fourwayc.avi
989,1,210,118,10,21,fourwayc.avi
990,1,210,118,10,21,fourwayc.avi
991,1,210,117,10,21,fourwayc.avi
992,1,209,118,10,21,fourwayc.avi
993,1,210,118,10,21,fourwayc.avi
994,1,210,118,10,21,fourwayc.avi
995,1,209,118,10,21,fourwayc.avi
996,1,209,118,10,21,fourwayc.avi
997,1,209,118,10,21,fourwayc.avi
998,1,209,118,10,21,fourwayc.avi
999,1,209,118,10,21,fourwayc.avi
1000,1,209,118,10,21,fourwayc.avi
1001,1,209,118,10,21,fourwayc.avi
1002,1,210,118,10,21,fourwayc.avi
1003,1,209,119,10,21,fourwayc.avi
1004,1,209,118,10,21,fourwayc.avi
1005,1,209,118,10,21,fourwayc.avi
1006,1,210,118,10,21,fourwayc.avi
1007,1,209,118,10,21,fourwayc.avi
1008,1,210,118,10,21,fourwayc.avi
1009,1,210,118,10,21,fourwayc.avi
1010,1,210,118,10,21,fourwayc.avi
1011,1,210,118,11,21,fourwayc.avi
1012,1,209,118,11,21,fourwayc.avi
1013,1,210,118,11,21,fourwayc.avi
1014,1,210,118,11,21,fourwayc.avi
1015,1,210,118,11,21,fourwayc.avi
1016,1,209,118,11,21,fourwayc.avi
1017,1,210,118,11,21,fourwayc.avi
1018,1,210,118,10,21,fourwayc.avi
1019,1,210,118,10,21,fourwayc.avi
1020,1,210,118,10,21,fourwayc.avi
1021,1,209,118,10,21,fourwayc.avi
1022,1,210,118,10,21,fourwayc.avi
1023,1,209,120,10,21,fourwayc.avi
1024,1,209,121,10,21,fourwayc.avi
1025,1,209,122,10,22,fourwayc.avi
1026,1,211,123,10,22,fourwayc.avi
1027,1,212,123,10,23,fourwayc.avi
1028,1,214,121,10,23,fourwayc.avi
1029,1,217,121,10,23,fourwayc.avi
1030,1,219,122,10,24,fourwayc.avi
1031,1,221,123,10,24,fourwayc.avi
1032,1,222,124,10,24,fourwayc.avi
1033,1,224,125,10,24,fourwayc.avi
1034,1,226,126,10,25,fourwayc.avi
1035,1,228,126,10,25,fourwayc.avi
1036,1,229,125,10,25,fourwayc.avi
1037,1,232,125,10,25,fourwayc.avi
1038,1,234,125,10,26,fourwayc.avi
1039,1,235,122,10,26,fourwayc.avi
1040,1,238,122,10,26,fourwayc.avi
1041,1,241,121,10,26,fourwayc.avi
1042,1,244,124,10,26,fourwayc.avi
1043,1,248,124,10,27,fourwayc.avi
1044,1,253,124,10,27,fourwayc.avi
1045,1,255,127,10,28,fourwayc.avi
1046,1,260,126,10,28,fourwayc.avi
1047,1,263,124,10,28,fourwayc.avi
1048,1,268,120,10,28,fourwayc.avi
1049,1,271,122,10,29,fourwayc.avi
1050,1,276,119,10,29,fourwayc.avi
1051,1,282,116,10,29,fourwayc.avi
1052,1,285,113,10,29,fourwayc.avi
1053,1,290,113,10,29,fourwayc.avi
1054,1,295,115,10,29,fourwayc.avi
1055,1,303,118,10,29,fourwayc.avi
1056,1,305,118,10,29,fourwayc.avi
1057,1,308,121,10,29,fourwayc.avi
1058,1,318,117,10,29,fourwayc.avi
1059,1,323,118,10,29,fourwayc.avi
1060,1,328,117,10,30,fourwayc.avi
1061,1,334,116,10,30,fourwayc.avi
1062,1,339,115,10,30,fourwayc.avi
1063,1,349,118,10,31,fourwayc.avi
1064,1,355,118,10,31,fourwayc.avi
1065,1,359,121,10,32,fourwayc.avi
